"id","text","screen_name","created_at","geo","in_reply_to_screen_name","source"
"196648569204260000","Mundo Apple  _@URL","RadaNewera","2012-04-29 20:13:43","","","<a href=""http://instagr.am"" rel=""nofollow"">Instagram</a>"
"196648569455900000","Apple omits Android searches from Chomp app _@URL #Tech","geeksntwits","2012-04-29 20:13:43","","","<a href=""http://dlvr.it"" rel=""nofollow"">dlvr.it</a>"
"196648569493650000","At big apple with the negros","J_ay_D_own","2012-04-29 20:13:43","","","<a href=""http://www.echofon.com/"" rel=""nofollow"">Echofon</a>"
"196648572333210000","_@username needs to stop hating on my apple eating skills","mlpppx3","2012-04-29 20:13:44","","ariianababiix","<a href=""http://twitter.com/#!/download/iphone"" rel=""nofollow"">Twitter for iPhone</a>"
"196648572870080000","Apple considered iPhone with physical keyboard? Wait, what? _@URL via _@username","Luvlug","2012-04-29 20:13:44","","","<a href=""http://twitter.com/tweetbutton"" rel=""nofollow"">Tweet Button</a>"
"196648573658600000","My Apple Blossoms are always on point!! This year is going to be even better! #cantwait","MaddyAnnexo","2012-04-29 20:13:44","","","<a href=""http://twitter.com/#!/download/iphone"" rel=""nofollow"">Twitter for iPhone</a>"
"196648580138800000","How Apple Minimizes its Corporate Tax Burden _@URL via _@username","jseward89","2012-04-29 20:13:46","","","<a href=""http://twitter.com/tweetbutton"" rel=""nofollow"">Tweet Button</a>"
"196648584547020000","_@username id make you a fantastic roast dinner and a delisious apple pie,i love you pro greeeeeen x x","jasmin_gilson","2012-04-29 20:13:47","","professorgreen","<a href=""http://www.tweetcaster.com"" rel=""nofollow"">TweetCaster for Android</a>"
"196648586291840000","ゴールデンウィーク営業日のお知らせ | Apple専門店 PLUS YU: ゴールデンウィーク中の営業日について、下記のようにご案内させて頂きます。 4/30(月) 定休日 5/1(火) 通常営業 5/2(水)... _@URL #Apple","NewsZerooneTwo","2012-04-29 20:13:47","","","<a href=""http://dlvr.it"" rel=""nofollow"">dlvr.it</a>"
"196648583297110000","Blueberry apple crisp topped with Chantilly cream - believe it! _@URL","LaWeekendLA","2012-04-29 20:13:48","","","<a href=""http://www.tweetdeck.com"" rel=""nofollow"">TweetDeck</a>"
"196648588464490000","The Power Bar for the Apple Magic Trackpad - プレアデスシステム ...: 付属の専用ケーブルをThe Power Bar本体に直接つないで充電できる革新的な... _@URL #Apple","NewsZerooneTwo","2012-04-29 20:13:48","","","<a href=""http://dlvr.it"" rel=""nofollow"">dlvr.it</a>"
"196648589760530000","Apple = Sony 米大物アナリストがアップルの衰退を予想 : SIerブログ: ジョブスの居ないAPPLEなんて・・・ 3 ：名刺は切らしておりまして：2012/04/27(金) 11 41:46.46... _@URL #Apple","NewsZerooneTwo","2012-04-29 20:13:48","","","<a href=""http://dlvr.it"" rel=""nofollow"">dlvr.it</a>"
"196648589601160000","RT _@username As Apple's profits have soared, their taxes have stayed about the same. Staggering image _@URL Explained  ...","jansonw","2012-04-29 20:13:48","","","<a href=""http://twitter.com/download/android"" rel=""nofollow"">Twitter for Android</a>"
"196648590788130000","how I drink my apple juice #howiroll _@URL","michael_me2","2012-04-29 20:13:48","","","<a href=""http://instagr.am"" rel=""nofollow"">Instagram</a>"
"196648594407820000","_@username omg can you post that apple sign lol I been lookin for it for the longest !!","BoothieMinaj","2012-04-29 20:13:49","","RichBoyPiERRE","<a href=""http://tweetlogix.com"" rel=""nofollow"">Tweetlogix</a>"
"196648594202310000","“@viamultimedia: El impresionante crecimiento económico de Apple en una infografía _@URL _@username","dafo33","2012-04-29 20:13:49","","","<a href=""http://twitter.com/#!/download/iphone"" rel=""nofollow"">Twitter for iPhone</a>"
"196648595850670000","iPhone 5 Features: Apple Introduces NFC Patent For iTunes Gift-Giving [PICTURES] - International Business Times _@URL","PatentWire","2012-04-29 20:13:49","","","<a href=""http://twitterfeed.com"" rel=""nofollow"">twitterfeed</a>"
"196648596312030000","Και εγω το libre office χρησιμοποιώ μια χαρα    Sent from my apple device using Tapatalk _@URL","DomalisM","2012-04-29 20:13:50","","","<a href=""http://itunes.apple.com/us/app/tapatalk-forum-app/id307880732?mt=8&uo=4"" rel=""nofollow"">Tapatalk Forum App on iOS</a>"
"196648596513370000","Apple A2M0077 Premium Premium Compatible High Value High Value Black Printer Ribbon: Apple A2M0077 Premium Quali... _@URL","ovorecy","2012-04-29 20:13:50","","","<a href=""http://twitterfeed.com"" rel=""nofollow"">twitterfeed</a>"
"196648595171190000","Cool!!!!! _@URL _@URL","JiTangmo","2012-04-29 20:13:50","","","<a href=""http://itunes.apple.com/us/app/diving-doongdoong/id511711040?mt=8&uo=4"" rel=""nofollow"">Diving Doongdoong on iOS</a>"
"196648598727950000","$499.00 Apple iPad MD328LL/A (16GB, Wi-Fi, White) NEWEST MODEL _@URL #apple #mac","bigdeals4u1","2012-04-29 20:13:50","","","<a href=""http://dlvr.it"" rel=""nofollow"">dlvr.it</a>"
"196648599587790000","Mind-Blowing Facts About Apple's Business _@URL via _@username","BizBeatTz","2012-04-29 20:13:50","","","<a href=""http://twitter.com/tweetbutton"" rel=""nofollow"">Tweet Button</a>"
"196648600170790000","Latvia Flag Laptop Sleeve - Note Book sleeve - Apple iPad - Apple iPad 2 - Android sleeve - can be used for for ... _@URL","ubohuroso","2012-04-29 20:13:50","","","<a href=""http://twitterfeed.com"" rel=""nofollow"">twitterfeed</a>"
"196648600829310000","RT ""@zariouslenegro: black kent arrf je pe dead"" &gt; Je compte sur toi pr aller checker #VDR sur iTunes _@URL Merci !!","Blackkent4real","2012-04-29 20:13:51","","","<a href=""http://blackberry.com/twitter"" rel=""nofollow"">Twitter for BlackBerry®</a>"
"196648601013860000","Caramel apple crumble and ice cream... Yummmm #ByeByeHealthyEating","Lauraplunk","2012-04-29 20:13:51","","","<a href=""http://blackberry.com/twitter"" rel=""nofollow"">Twitter for BlackBerry®</a>"
"196648602188260000","RT _@username Apple VS Windows. RETWEET for Apple, FAVORITE for Windows.","CANDYLOVER121","2012-04-29 20:13:51","","","<a href=""http://twitter.com/#!/download/iphone"" rel=""nofollow"">Twitter for iPhone</a>"
"196648605157820000","Apple and Samsung CEOs to Meet Next Month in Court _@URL","NHCBBA","2012-04-29 20:13:52","","","<a href=""http://www.linksalpha.com/"" rel=""nofollow"">LinksAlpha</a>"
"196648605472390000","I wanna Apple Sause","__MyAmbition__","2012-04-29 20:13:52","","","<a href=""http://twitter.com/download/android"" rel=""nofollow"">Twitter for Android</a>"
"196648605514340000","How teukie reply u? :D RT _@username I still remember well how _@username see me and try to give an apple,or _@username who reply my '사랑해'","mariskadp","2012-04-29 20:13:52","","","<a href=""http://tapbots.com/tweetbot"" rel=""nofollow"">Tweetbot for iOS</a>"
"196648604620960000","RT _@username _@username As Fiona Apple once said: ""I've been a bad, bad girl...""","ian_mannly","2012-04-29 20:13:52","","","web"
"196648606516790000","Pink Piano Keyboard Style Design Soft Silicone Skin Gel Cover Case for Verizon At&amp;t Sprint Apple Iphone 4 4s + M... _@URL","hemasajoco","2012-04-29 20:13:52","","","<a href=""http://twitterfeed.com"" rel=""nofollow"">twitterfeed</a>"
"196648607494050000","Green Piano Design Soft Silicone Skin Gel Cover Case for Verizon AT&amp;T Sprint Apple Iphone 4 4S + Microfiber Pouc... _@URL","hemasajoco","2012-04-29 20:13:52","","","<a href=""http://twitterfeed.com"" rel=""nofollow"">twitterfeed</a>"
"196648607519210000","Apple’s Tax Strategy Aims at Low-Tax States and Nations _@URL","NGLegal","2012-04-29 20:13:52","","","<a href=""http://www.facebook.com/twitter"" rel=""nofollow"">Facebook</a>"
"196648607489860000","Apple - The Most Important Stock in the Universe? - Apple is currently the most valuable company in the world, but... _@URL","mountainmediaco","2012-04-29 20:13:52","","","<a href=""http://www.ajaymatharu.com/"" rel=""nofollow"">Tweet Old Post</a>"
"196648606734890000","RT _@username Apple’s Tax Strategy Aims at Low-Tax States and Nations - _@URL _@URL","viosu","2012-04-29 20:13:52","","","<a href=""http://stone.com/Twittelator"" rel=""nofollow"">Twittelator</a>"
"196648608169340000","Hot Pink Piano Design Soft Silicone Skin Gel Cover Case for Verizon AT&amp;T Sprint Apple Iphone 4 4S + Microfiber P... _@URL","bekiciw","2012-04-29 20:13:52","","","<a href=""http://twitterfeed.com"" rel=""nofollow"">twitterfeed</a>"
"196648609436010000","Purple Piano Design Soft Silicone Skin Gel Cover Case for Verizon AT&amp;T Sprint Apple Iphone 4 4S + Microfiber Pou... _@URL","hemasajoco","2012-04-29 20:13:53","","","<a href=""http://twitterfeed.com"" rel=""nofollow"">twitterfeed</a>"
"196648609398280000","Light Blue Piano Design Soft Silicone Skin Gel Cover Case for Verizon AT&amp;T Sprint Apple Iphone 4 4S + Microfiber... _@URL","bekiciw","2012-04-29 20:13:53","","","<a href=""http://twitterfeed.com"" rel=""nofollow"">twitterfeed</a>"
"196648610539110000","Orange Piano Keyboard Design Soft Silicone Skin Gel Cover Case for Verizon At&amp;t Sprint Apple Iphone 4 4s + Lcd S... _@URL","bekiciw","2012-04-29 20:13:53","","","<a href=""http://twitterfeed.com"" rel=""nofollow"">twitterfeed</a>"
"196648611487020000","RT _@username Apple Jacks Over Fruit Loops AnyDay -_-","666king2","2012-04-29 20:13:53","","","web"
"196648616759270000","Eating some Apple Jacks.","Kie___","2012-04-29 20:13:54","","","<a href=""http://blackberry.com/twitter"" rel=""nofollow"">Twitter for BlackBerry®</a>"
"196648621754690000","_@username nah P u need a Apple charger","Chonte_M","2012-04-29 20:13:56","","Paris_Bundles","<a href=""http://ubersocial.com"" rel=""nofollow"">UberSocial for BlackBerry</a>"
"196648624158020000","Purple Piano Keyboard Style Design Soft Silicone Skin Gel Cover Case for Verizon At&amp;t Sprint Apple Iphone 4 4s +... _@URL","bekiciw","2012-04-29 20:13:56","","","<a href=""http://twitterfeed.com"" rel=""nofollow"">twitterfeed</a>"
"196648626225810000","if a pineapple is not a pine nor an apple , what is it ?
#Hmm","yolo_extacyx3","2012-04-29 20:13:57","","","web"
"196648627035310000","RT _@username اقوى وافضل برنامج للجري يحدد المسار والسرعه والمسافه الاول استخداما في امريكا
تحميل
http://t.co/GiZ5wDY4 
#ابل #سيديا htt ...","Mohammed_1245","2012-04-29 20:13:57","","","<a href=""http://tapbots.com/tweetbot"" rel=""nofollow"">Tweetbot for iOS</a>"
"196648629086320000","Ahahaha “@_CarlosLz: Itaipava São Paulo Indy 300 Nestle Coca Cola Apple IBM Antártica Brahma Santander 2012”","_anacarollima_","2012-04-29 20:13:57","","","<a href=""http://twitter.com/#!/download/iphone"" rel=""nofollow"">Twitter for iPhone</a>"
"196648630285910000","Oh well I did a lovely chicken casserole , followed by apple crumble &amp; custard , ------salad &amp; fruit next week ,... _@URL","ReStirredForum","2012-04-29 20:13:58","","","<a href=""http://twitterfeed.com"" rel=""nofollow"">twitterfeed</a>"
"196648630319460000","Apple omits Android searches from Chomp app: While it's hardly a surprise, Apple has removed the ability to sear... _@URL","pcxperts","2012-04-29 20:13:58","","","<a href=""http://twitterfeed.com"" rel=""nofollow"">twitterfeed</a>"
"196648631430940000","Wozniak: Windows Phone is 'more beautiful' than Android and iPhone: Apple co-founder Steve Wozniak has professed... _@URL","pcxperts","2012-04-29 20:13:58","","","<a href=""http://twitterfeed.com"" rel=""nofollow"">twitterfeed</a>"
"196648634408890000","Blue Piano Design Soft Silicone Skin Gel Cover Case for Verizon AT&amp;T Sprint Apple Iphone 4 4S + Microfiber Pouch... _@URL","mafiri826","2012-04-29 20:13:59","","","<a href=""http://twitterfeed.com"" rel=""nofollow"">twitterfeed</a>"
"196648635390370000","Yellow Piano Keyboard Style Design Soft Silicone Skin Gel Cover Case for Verizon At&amp;t Sprint Apple Iphone 4 4s +... _@URL","mafiri826","2012-04-29 20:13:59","","","<a href=""http://twitterfeed.com"" rel=""nofollow"">twitterfeed</a>"
"196648635230990000","Apple iPad 2 Skin - I Love Piano: Apple iPad 2 Skin - ""I Love Piano"" Ready to personalize your phone, laptop, iP... _@URL","jiqutixy","2012-04-29 20:13:59","","","<a href=""http://twitterfeed.com"" rel=""nofollow"">twitterfeed</a>"
"196648635730120000","RT _@username Check out _@username their single #DropDeadGorgeous! OUT 2DAY!
http://t.co/EBnuNoAT
Marv x","AliceJLSFAN","2012-04-29 20:13:59","","","web"
"196648636430550000","Yellow Piano Design Soft Silicone Skin Gel Cover Case for Verizon AT&amp;T Sprint Apple Iphone 4 4S + Microfiber Pou... _@URL","jiqutixy","2012-04-29 20:13:59","","","<a href=""http://twitterfeed.com"" rel=""nofollow"">twitterfeed</a>"
"196648636573160000","Red Piano Keyboard Style Design Soft Silicone Skin Gel Cover Case for Verizon At&amp;t Sprint Apple Iphone 4 4s + Mi... _@URL","mafiri826","2012-04-29 20:13:59","","","<a href=""http://twitterfeed.com"" rel=""nofollow"">twitterfeed</a>"
"196648636799650000","This candy apple is so good (:","Jessica_Alegria","2012-04-29 20:13:59","","","<a href=""http://twitter.com/#!/download/iphone"" rel=""nofollow"">Twitter for iPhone</a>"
"196648636816440000","RT _@username If Adam and Eve were Chinese they would have eaten the snake instead of the apple.","djsilvestri12","2012-04-29 20:13:59","","","<a href=""http://twitter.com/download/android"" rel=""nofollow"">Twitter for Android</a>"
"196648637412030000","Pink Piano Keyboard Design Soft Silicone Skin Gel Cover Case for Verizon At&amp;t Sprint Apple Iphone 4 4s + Lcd Scr... _@URL","jiqutixy","2012-04-29 20:13:59","","","<a href=""http://twitterfeed.com"" rel=""nofollow"">twitterfeed</a>"
"196648637495910000","_@URL","hannahfrank_","2012-04-29 20:13:59","","","web"
"196648639014240000","_@username maar in de achterligende push notifications dan wel iCloud sync structuur zoals Apple nu aan het implementeren is op de Mac","DaveFlash","2012-04-29 20:14:01","","Martinkollaard","<a href=""http://www.destroytwitter.com"" rel=""nofollow"">DestroyTwitter</a>"
"196648644148080000","Samsung و Apple وجها لوجه يوم 21 من مايو _@URL","iAbdulbari","2012-04-29 20:14:01","","","<a href=""http://bit.ly"" rel=""nofollow"">bitly</a>"
"196648645385400000","全国の震度状況画像　iPhoneアプリ「地震観測情報」#jishin 2012/04/30 02:14:11 _@URL _@URL","Jtakuu","2012-04-29 20:14:02","","","<a href=""http://www.apple.com"" rel=""nofollow"">iOS</a>"
"196648648640170000","RT _@username Mor argues Apple buy Foursquare and Square and outlines why it is a good idea. Also Best headline ever or what? _@URL","techstorey","2012-04-29 20:14:02","","","<a href=""http://twitter.com/download/android"" rel=""nofollow"">Twitter for Android</a>"
"196648651521660000","RT _@username Some personal reflections on the NYT story about Apple and corporate tax avoidance _@URL First the story, ...","pilotmon","2012-04-29 20:14:03","","","<a href=""http://www.tweetdeck.com"" rel=""nofollow"">TweetDeck</a>"
"196648651098040000","RT _@username I wanna go to Apple Bees","iHEARTDeishaun","2012-04-29 20:14:03","","","<a href=""http://www.echofon.com/"" rel=""nofollow"">Echofon</a>"
"196648653287460000","RT _@username Oh, you're having a bad day? In 1976, Ronald Wayne sold his 10% stake in Apple for $800. Now it's worth $58,065,210,000.","GoodieTwoShoez","2012-04-29 20:14:03","","","<a href=""http://levelupstudio.com/plume"" rel=""nofollow"">Plume for Android</a>"
"196648656194120000","If I'm grounded over Apple Blossom, I'm literally going to cry... then sneak out.","BlackieeChann","2012-04-29 20:14:04","","","web"
"196648658937180000","ユメミ～ルで、今日は森を散歩するユメを見たいな。
http://t.co/2OyGsadt #yumemiiru","manzyurou","2012-04-29 20:14:04","","","<a href=""http://itunes.apple.com/"" rel=""nofollow"">ユメミ～ル</a>"
"196648660275170000","Working for the weekend.  Well Sunday at least (@ Apple Inc.) _@URL","MisterJakeRod","2012-04-29 20:14:05","","","<a href=""http://foursquare.com"" rel=""nofollow"">foursquare</a>"
"196648660887550000","This diet is getting to me now I just want something sweet! But I'm settling for an apple","manilynnette","2012-04-29 20:14:05","","","<a href=""http://twitter.com/#!/download/iphone"" rel=""nofollow"">Twitter for iPhone</a>"
"196648660682030000","RT _@username Whats worse than finding a worm in your apple?

The holocaust","dovale_cubano","2012-04-29 20:14:05","","","<a href=""http://blackberry.com/twitter"" rel=""nofollow"">Twitter for BlackBerry®</a>"
"196648662187770000","REQUEST #BUBBLEGUMBOY, #WATCHME &amp; my fave hit #TTYLXOX by _@username _@URL &amp; BUY ALL SONGS ON ITUNES: _@URL","IMBellarina","2012-04-29 20:14:05","","","web"
"196648666759570000","Apple juice &gt;&gt;&gt;&gt; RT _@username orange juice &amp;gt;","BigDaddyO_","2012-04-29 20:14:06","","","<a href=""http://www.echofon.com/"" rel=""nofollow"">Echofon</a>"
"196648669343260000","vo ir pro not da apple uhuul! kk","_rodrigofavaro","2012-04-29 20:14:07","","","web"
"196648672367350000","_@username maybe Apple would replace the phone idk, and no I haven't","j4mesy_","2012-04-29 20:14:08","","michael_ryan10","web"
"196648673281710000","Eatin ghettos nd drinkin apple juice","Caramel_BabyBoy","2012-04-29 20:14:08","","","<a href=""http://blackberry.com/twitter"" rel=""nofollow"">Twitter for BlackBerry®</a>"
"196648676507130000","""@LawaLaura: omg, apple crumble.. SOOOO under rated"" - not in our house nom nom","thelivingrooms","2012-04-29 20:14:09","","","<a href=""http://blackberry.com/twitter"" rel=""nofollow"">Twitter for BlackBerry®</a>"
"196648677182410000","apple &amp; lime flavor....","andreioctuno","2012-04-29 20:14:09","","","web"
"196648677119500000","RT _@username No, AirPlay Is Not The New Apple TV _@URL","alex_holub","2012-04-29 20:14:09","","","<a href=""http://www.flipboard.com"" rel=""nofollow"">Flipboard</a>"
"196648680890180000","Apple Ipad Tablet 16GB 32GB 64GB Wi-Fi WiFi 3G Soft CLEAR SILICONE Skin Sleeve Cover Case: Apple Ipad Tablet 16G... _@URL","axewyruruw","2012-04-29 20:14:10","","","<a href=""http://twitterfeed.com"" rel=""nofollow"">twitterfeed</a>"
"196648681846470000","Tucano USA Second Skin Microfiber Sleeve-Color: Charcoal Grey: Second Skin MicroFiber Folder for Apple MacBook 1... _@URL","axewyruruw","2012-04-29 20:14:10","","","<a href=""http://twitterfeed.com"" rel=""nofollow"">twitterfeed</a>"
"196648682597260000","The Genius' at Apple are hilarious, made the 4 hours I spent in their today slightly more bearable!","sophiecarter__","2012-04-29 20:14:10","","","web"
"196648686527330000","I just scored 2496 meters in #AbyEscape running on the Forest. Can you beat it? Try it!!! _@URL","kirikisl","2012-04-29 20:14:11","","","<a href=""http://itunes.apple.com/us/app/aby-escape/id513265471?mt=8&uo=4"" rel=""nofollow"">Aby Escape on iOS</a>"
"196648690138620000","green apple air heads are the best thing on this earth","breee_brown","2012-04-29 20:14:12","","","<a href=""http://twitter.com/download/android"" rel=""nofollow"">Twitter for Android</a>"
"196648692386760000","Eating Cadbury's Zip Red Apple Flavour","InviteMrAidil","2012-04-29 20:14:12","","","<a href=""http://www.samsungmobile.com"" rel=""nofollow"">Samsung Mobile</a>"
"196648694785900000","How youh like those apple..!!","Dess_prettii","2012-04-29 20:14:13","","","<a href=""http://twitter.com/download/android"" rel=""nofollow"">Twitter for Android</a>"
"196648695637340000","Taxes need change MT _@username Apple's profits soared, taxes stayed about the same. _@URL Explained _@URL","mikeadesign","2012-04-29 20:14:13","","","<a href=""http://github.com/minego/phnx"" rel=""nofollow"">Project Macaw for webOS</a>"
"196648696786600000","RT _@username Nieuwe tip op iPhoneclub: Apple TV in DFU-modus zetten, _@URL","tommy_baert","2012-04-29 20:14:14","","","<a href=""http://twitter.com/#!/download/iphone"" rel=""nofollow"">Twitter for iPhone</a>"
"196648698208460000","Apple crumble or lemon meringue pie!? #homecomforts #milliondollarquestion","AshEllarby","2012-04-29 20:14:14","","","<a href=""http://twitter.com/#!/download/iphone"" rel=""nofollow"">Twitter for iPhone</a>"
"196648699827470000","Hello apple crumble!","drjanes93","2012-04-29 20:14:14","","","<a href=""http://blackberry.com/twitter"" rel=""nofollow"">Twitter for BlackBerry®</a>"
"196648703744940000","Everytime my dad sees me cutting something with a sharp knife he freaks out and takes over...relax its just an apple","sarahcrummey6","2012-04-29 20:14:15","","","<a href=""http://blackberry.com/twitter"" rel=""nofollow"">Twitter for BlackBerry®</a>"
"196648704550260000","At the Apple store switching out for a new phone ","calirey824","2012-04-29 20:14:15","","","<a href=""http://twitter.com/#!/download/iphone"" rel=""nofollow"">Twitter for iPhone</a>"
"196648706722890000","Infinity Blade passe pour quelques heures au prix attractif de 0,79 € sur #iPhone _@URL !","BastienPean","2012-04-29 20:14:16","","","<a href=""http://itunes.apple.com/us/app/twitter/id409789998?mt=12"" rel=""nofollow"">Twitter for Mac</a>"
"196648707381410000","RT _@username Pausing for Midday Prayer: Keep us, Lord, as the apple of your eye; hide us under the shadow of your wing.","BrendaAKeller","2012-04-29 20:14:16","","","<a href=""http://twitter.com/#!/download/iphone"" rel=""nofollow"">Twitter for iPhone</a>"
"196648708719390000","#Apple evade millones dólares en impuestos, reporta The New York Times _@URL // sera cierto _@username","chocho180","2012-04-29 20:14:16","","","<a href=""http://mobileways.de/gravity"" rel=""nofollow"">Gravity!</a>"
"196648708723590000","How Apple Sidesteps Billions in Taxes _@URL","_JackandCoke_","2012-04-29 20:14:16","","","<a href=""http://twitter.com/tweetbutton"" rel=""nofollow"">Tweet Button</a>"
"196648711324050000","Sippin on apple pie moonshine at 1:14 in the afternoon","_roberthall","2012-04-29 20:14:17","","","<a href=""http://twitter.com/download/android"" rel=""nofollow"">Twitter for Android</a>"
"196648714293610000","Mede-oprichter Apple prijst Windows Phone. #wp7 _@URL","SamuelKorthof","2012-04-29 20:14:18","","","<a href=""http://www.WindowsPhone.com/"" rel=""nofollow"">WindowsLive</a>"
"196648715153440000","RT _@username Oh, ur havin a bad day? 1976 Ronald Wayne sold his 10% stake in Apple for $800. Now it's worth $58,065,210,000.","Jacob_Ray22","2012-04-29 20:14:18","","","web"
"196648719876240000","Apple TV Apps - Business Insider - apple tv","MacyDixonXJJ","2012-04-29 20:14:19","","","web"
"196648721423930000","Apple fans you may be interested in my book about 10 nights in line for an iphone. Crazy experience _@URL #dayontwitter","shoesmith81","2012-04-29 20:14:19","","","<a href=""http://twitter.com/#!/download/ipad"" rel=""nofollow"">Twitter for iPad</a>"
"196648720673150000","RT _@username The tracks you may NOT have heard! 7 previously unreleased d.u. treats! _@URL","ElenitaRomeoVyn","2012-04-29 20:14:19","","","<a href=""http://blackberry.com/twitter"" rel=""nofollow"">Twitter for BlackBerry®</a>"
"196648721621060000","RT _@username Why did apple make the iPhone chargers so shortttt ","briggsha123","2012-04-29 20:14:19","","","<a href=""http://twitter.com/#!/download/iphone"" rel=""nofollow"">Twitter for iPhone</a>"
"196648723323960000","There's this one girl that is eating the fuck out of the apple in my eye","IAMJuliusWilson","2012-04-29 20:14:20","","","<a href=""http://blackberry.com/twitter"" rel=""nofollow"">Twitter for BlackBerry®</a>"
"196648726889110000","Disruption:  Kodak in bankruptcy and Apple dominates the music industry, the publishing industry and the phone market.","chipgrizzard","2012-04-29 20:14:21","","","web"
"196648726897500000","ORDER for Lady Rochefort: iCog Dionaea wooden case for iPad 3. Delicate and deadly at the same time _@URL  #steampunk #lolita","LincolnsBoombox","2012-04-29 20:14:21","","","web"
"196648728348730000","The new Apple Mountain Lion will help me with college so much.","mywhite_T","2012-04-29 20:14:21","","","web"
"196648734044600000","Apple'ın kurucusu Steve Wozniak, ""Windows Phone uygulamalarının iPhone ve Android'den daha iyi olduğunu"" söyledi.","FeryatBen","2012-04-29 20:14:22","","","web"
"196648735047020000","Boutta finish dis bottle of green apple Smirnoff","IknowTweakers_","2012-04-29 20:14:23","","","<a href=""http://twitter.com/devices"" rel=""nofollow"">txt</a>"
"196648738175980000","Tricks To Make Spire Work Back After Apple Blocked It _@URL","belldan56","2012-04-29 20:14:23","","","<a href=""http://ping.fm/"" rel=""nofollow"">Ping.fm</a>"
"196648738582830000",". Hard Drive Caddy Tray for Apple Unibody MacBook / MacBook Pro 13 15 17 SuperDrive (Replacement Only):  _@URL wbs","TierraGoehner_z","2012-04-29 20:14:23","","","<a href=""http://twitterfeed.com"" rel=""nofollow"">twitterfeed</a>"
"196648739971150000","Pelican Bay Everyday Treats Apple Streusel Muffin Mix, 14-Ounces (Pack of 2):  _@URL","JohnnyBlack20","2012-04-29 20:14:24","","","<a href=""http://twitterfeed.com"" rel=""nofollow"">twitterfeed</a>"
"196648739732070000","RT _@username Apple is racist. Why does the white iPhone cost more than the Black iPhone? But then again the black iPhone runs fast ...","Fercha21","2012-04-29 20:14:24","","","<a href=""http://twitter.com/download/android"" rel=""nofollow"">Twitter for Android</a>"
"196648740323470000","_@username lmao well you forgot your pitcher and that thing the Apple pie is in froze last night haha","kaitlynnfaithh","2012-04-29 20:14:24","","jessiesuecarter","<a href=""http://twitter.com/download/android"" rel=""nofollow"">Twitter for Android</a>"
"196648742970070000","RT _@username Wow, she's got a sexy Adam's apple.","caleb_blake","2012-04-29 20:14:25","","","web"
"196648744534540000","Apple iPhone 3G &amp; 3GS Detachable Bike Mount with Swivel PLUS Neoprene (RAP-274-1AP6): This iPhone bike mount is ... _@URL","Alyssa008080","2012-04-29 20:14:25","","","<a href=""http://twitterfeed.com"" rel=""nofollow"">twitterfeed</a>"
"196648745490860000","apple and blackberry crumble with your greens  more like","boomboo76538172","2012-04-29 20:14:25","","","web"
"196648747185340000","Barbie status for the Big Apple","RubyWoo_LaVille","2012-04-29 20:14:25","","","<a href=""http://instagr.am"" rel=""nofollow"">Instagram</a>"
"196648747155980000","_@username y también en iTunes _@URL ;)","darthmagnus85","2012-04-29 20:14:26","","GirlFLebanon","<a href=""http://itunes.apple.com/us/app/twitter/id409789998?mt=12"" rel=""nofollow"">Twitter for Mac</a>"
"196648747856430000","Yummy Spoonfuls Mushy Yummy Organic Butternut Squash &amp; Apple, 4-Ounce Tubs (Pack of 12): Mushy Yummy (stage 2) o... _@URL","TammyMantyla","2012-04-29 20:14:26","","","<a href=""http://twitterfeed.com"" rel=""nofollow"">twitterfeed</a>"
"196648747281810000","RT _@username Lagi, Pihak Samsung Jahili Apple _@URL","Pr1ncezzsamatha","2012-04-29 20:14:26","","","<a href=""http://blackberry.com/twitter"" rel=""nofollow"">Twitter for BlackBerry®</a>"
"196648755381010000","Replacement Battery For APPLE MACBOOK PRO 13 13"" ( Black Color ) Laptop Notebook Computers By Hiport: The Replac... _@URL","Robenakbg","2012-04-29 20:14:27","","","<a href=""http://twitterfeed.com"" rel=""nofollow"">twitterfeed</a>"
"196648755741730000","A nigga ain't ate in like 2 days.....dat apple sauce and juice at da hospital didnt do shit to my stomach","MrBendYaOva","2012-04-29 20:14:28","","","<a href=""http://twitter.com/download/android"" rel=""nofollow"">Twitter for Android</a>"
"196648759504020000","_@username I think the idea is you buy Apple TV, but there's a reason why games consoles are in do many front rooms, media delivery.","englishpunk","2012-04-29 20:14:28","","simonmenashy","<a href=""http://twitter.com/download/android"" rel=""nofollow"">Twitter for Android</a>"
"196648762653950000","Apple Uses Office Locations to Minimize Tax Burden, NYT Reports: uses offices in statesother than California, wh... _@URL","HomeownerLoans5","2012-04-29 20:14:29","","","<a href=""http://twitterfeed.com"" rel=""nofollow"">twitterfeed</a>"
"196648766420420000","Commented on: ""'One More Thing' About Apple"" _@URL $AAPL","Jhnyc123","2012-04-29 20:14:30","","","<a href=""http://seekingalpha.com"" rel=""nofollow"">SeekingAlpha.com</a>"
"196648767770990000","RT _@username Check out _@username their single #DropDeadGorgeous! OUT 2DAY!
http://t.co/EBnuNoAT
Marv x","EllaluvsAstonxx","2012-04-29 20:14:31","","","<a href=""http://twitter.com/#!/download/iphone"" rel=""nofollow"">Twitter for iPhone</a>"
"196648769083810000","I gotta get a apple pie from McDonald's today if not I'm gonna drop dead lol chay pressure no but I realy want a apple pie","marcrussian1988","2012-04-29 20:14:31","","","<a href=""http://twitter.com/#!/download/iphone"" rel=""nofollow"">Twitter for iPhone</a>"
"196648770564390000","_@username _@URL 
All u do is hold down the sleep/wake button and the home button for 10s till the apple appears.","EclipseTodd","2012-04-29 20:14:31","","almaperez88","<a href=""http://twitter.com/#!/download/iphone"" rel=""nofollow"">Twitter for iPhone</a>"
"196648771621370000","_@URL こんなの発見","moosoku","2012-04-29 20:14:31","","","web"
"196648772791570000","RT _@username Some personal reflections on the NYT story about Apple and corporate tax avoidance _@URL First the story, ...","twh","2012-04-29 20:14:32","","","<a href=""http://tapbots.com/tweetbot"" rel=""nofollow"">Tweetbot for iOS</a>"
"196648774276350000","A1148 Battery For Apple PowerBook  G4 15-inch M9677F/A: Apple Replacement Powerbook G4 17-inch Series Specificat... _@URL","Adriaiys","2012-04-29 20:14:32","","","<a href=""http://twitterfeed.com"" rel=""nofollow"">twitterfeed</a>"
"196648774385410000","Apple chill today","44Tray","2012-04-29 20:14:32","","","<a href=""http://twitter.com/download/android"" rel=""nofollow"">Twitter for Android</a>"
"196648777732460000","iPhone 5 Features: Apple Introduces NFC Patent For iTunes Gift-Giving [PICTURES]: Apple believes it has a soluti... _@URL","JSmokey","2012-04-29 20:14:33","","","<a href=""http://twitterfeed.com"" rel=""nofollow"">twitterfeed</a>"
"196648778927840000","RT _@username Apple is racist. Why does the white iPhone cost more than the Black iPhone? But then again the black iPhone runs fast ...","D_BringWood","2012-04-29 20:14:33","","","<a href=""http://twitter.com/#!/download/iphone"" rel=""nofollow"">Twitter for iPhone</a>"
"196648783222810000","_@URL Apple 1GB iPod Shuffle (2nd Generation) USB Flexible Dock ...","HeathCalace","2012-04-29 20:14:34","","","web"
"196648785110250000","RT _@username The Avengers - See the trailer _@URL yeah, in my LIL John voice","Naturally_Sadie","2012-04-29 20:14:35","","","<a href=""http://www.tweetcaster.com"" rel=""nofollow"">TweetCaster for Android</a>"
"196648786704070000","_@username aa , eu só achei iphone da apple pela internet ;s","Izagarcia99","2012-04-29 20:14:35","","Babisacchi","web"
"196648786595020000","RT _@username Retweet voor Apple! Favorite voor BlackBerry!","chocolovertje","2012-04-29 20:14:35","","","<a href=""http://twitter.com/#!/download/iphone"" rel=""nofollow"">Twitter for iPhone</a>"
"196648791913410000","Letterbox in Luxembourg one way Apple avoids paying billions in worldwide tax - The Age _@URL","aonuise","2012-04-29 20:14:36","","","<a href=""http://dlvr.it"" rel=""nofollow"">dlvr.it</a>"
"196648791066160000","RT _@username للأيفون","AhmedFikree","2012-04-29 20:14:36","","","web"
"196648793888920000","RT _@username REQUEST #BUBBLEGUMBOY, #WATCHME &amp; my fave hit #TTYLXOX by _@username _@URL &amp; BUY ALL SONGS ON  ...","ThorneShine","2012-04-29 20:14:37","","","web"
"196648795684080000","Insider-Bericht: Apple plante das iPhone zunächst mit Tastatur &amp;#8211; Handelsblatt _@URL","trendybizz","2012-04-29 20:14:37","","","<a href=""http://freshnet.de"" rel=""nofollow"">WPTHREE</a>"
"196648797105960000","共に戦う仲間募集中ッ！『真・戦国バスター』で天下統一しよう！！(｀･ω･´)b  ユーザーID:074-238-597 _@URL","vanquish0208","2012-04-29 20:14:37","","","<a href=""http://www.klab.jp/sp/shinsenbus/"" rel=""nofollow"">Shin Sengoku Buster</a>"
"196648799849030000","Jayce been beating me up. He been gettin payback for giving him them apple shots","Bunz_Upon_Atime","2012-04-29 20:14:38","","","<a href=""http://www.handmark.com"" rel=""nofollow"">TweetCaster for iOS</a>"
"196648802713750000","Apple squared, (four)squared _@URL #GigaOm","MacHashNews","2012-04-29 20:14:39","","","<a href=""http://dlvr.it"" rel=""nofollow"">dlvr.it</a>"
"196648802524990000","LMFAOOOOOOOO !!! “@TheFunnyRacist: If Adam and Eve were Chinese they would have eaten the snake instead of the apple.”","genshadybaby","2012-04-29 20:14:39","","","<a href=""http://twitter.com/#!/download/iphone"" rel=""nofollow"">Twitter for iPhone</a>"
"196648806278900000","Must See: #links #apple The NYT Investigates How Apple Sidesteps Billions In Taxes: [MacStories]... _@URL #iphone #ipad","iPHONESandiPADS","2012-04-29 20:14:40","","","<a href=""http://dlvr.it"" rel=""nofollow"">dlvr.it</a>"
"196648807176470000","USB Power Wall Charger + Syn Data Cable for Apple iPod Touch iPhone 4 4S 3G 3GS
New $0.36
(94% OFF) 
http://t.co/1aSTZK0o
 31","pru_ph","2012-04-29 20:14:40","","","<a href=""http://hobby-ranking.blogspot.com/"" rel=""nofollow"">p_ran_</a>"
"196648810011830000","Black and White Premium Bumper Case for Apple iPhone 4 - AT&amp;T
New $0.01
http://t.co/d7vFQ9ua
 46","pru_ph","2012-04-29 20:14:40","","","<a href=""http://hobby-ranking.blogspot.com/"" rel=""nofollow"">p_ran_</a>"
"196648810280260000","Apple considered iPhone with physical keyboard? Wait, what? _@URL","AppleDealsCA","2012-04-29 20:14:41","","","<a href=""http://dlvr.it"" rel=""nofollow"">dlvr.it</a>"
"196648814814310000","Must See: #FrontPage How Apple Minimizes its Corporate Tax Burden: [MacRumors] #iPhone In the latest... _@URL #iphone #ipad","iPHONESandiPADS","2012-04-29 20:14:42","","","<a href=""http://dlvr.it"" rel=""nofollow"">dlvr.it</a>"
"196648817985210000","ええ？安いぃぃ～!!ipad2がこの値段-!!!【送料無料】【新品 APPLE iPad2 16GB MC769J/A 　詳しくは→【デジタルナビ】【PC】http://t.co/U9E9yOlz【ﾓﾊﾞｲﾙ】http://t.co/e2d525M8","E_diginavi02","2012-04-29 20:14:42","","","<a href=""http://twibow.net/"" rel=""nofollow"">Twibow</a>"
"196648819922960000","Apple Blossom dress :) _@URL","JordanFlyley","2012-04-29 20:14:43","","","<a href=""http://instagr.am"" rel=""nofollow"">Instagram</a>"
"196648819360940000","Comment Apple paye moins d'impôts _@URL (via _@username","MartinGagnier","2012-04-29 20:14:43","","","<a href=""http://bit.ly"" rel=""nofollow"">bitly</a>"
"196648820040400000","RT _@username المصحف المرتل للشيخ ماهر المعيقلي بجودة عالية ..

رابط تطبيق الآيفون المجاني
 
 _@URL &amp; RT","Na9erq8y","2012-04-29 20:14:43","","","<a href=""http://twitter.com/#!/download/iphone"" rel=""nofollow"">Twitter for iPhone</a>"
"196648820476620000","RT _@username Why did apple make the iPhone chargers so shortttt ","katieotoole1","2012-04-29 20:14:43","","","<a href=""http://twitter.com/#!/download/iphone"" rel=""nofollow"">Twitter for iPhone</a>"
"196648821281910000","_@username QUEM TEM ALGUMA COISA DA APPLE, OU QUEM TEM ANDROID.","rafapossamais","2012-04-29 20:14:43","","queijodobieber","web"
"196648821978180000","Must See: #AppleInc Don’t hate the player, hate the game -NYTimes’ ‘How Apple Sidesteps Billions in... _@URL #iphone #ipad","iPHONESandiPADS","2012-04-29 20:14:43","","","<a href=""http://dlvr.it"" rel=""nofollow"">dlvr.it</a>"
"196648822116590000","RT _@username Apple juice &gt;&gt;&gt;&gt; RT _@username orange juice &amp;gt;","fucktiny","2012-04-29 20:14:44","","","web"
"196648823395840000","No, AirPlay Is Not The New Apple TV | ManmadeMag: No, AirPlay Is Not The New Apple TV. Posted 7 Hours Ago ... Re... _@URL","GoogleTVApps","2012-04-29 20:14:44","","","<a href=""http://twitterfeed.com"" rel=""nofollow"">twitterfeed</a>"
"196648826789050000","Apple verhandelt um Kinofilm-Streaming _@URL #iPhone #News #Apple","_iPhone_Tipps","2012-04-29 20:14:44","","","<a href=""http://geocaching-handbuch.de"" rel=""nofollow"">_iPhone_Tipps</a>"
"196648829267870000","California could use some of those dollars, I bet: How Apple Sidesteps Billions in Taxes _@URL","furiouslymandy","2012-04-29 20:14:45","","","<a href=""http://twitter.com/tweetbutton"" rel=""nofollow"">Tweet Button</a>"
"196648834468820000","“@durr_15 _@username happy birthday APPLE thief!”","Think_lik_aMan","2012-04-29 20:14:46","","","<a href=""http://levelupstudio.com/plume"" rel=""nofollow"">Plume for Android</a>"
"196648834972140000","I'm going w/ _@username to apple chill today ^.^ he buying all my food and paying my way ain't that sweet? :)","_BallerQueen14","2012-04-29 20:14:46","","","web"
"196648835848740000","apple fritters more like apple frickin DELICIOUS _@URL","inbredward","2012-04-29 20:14:47","","","<a href=""http://twitter.com/#!/download/iphone"" rel=""nofollow"">Twitter for iPhone</a>"
"196648839300650000","RT _@username Apple and blackberry crumble. Dreams. _@URL","Torzhill","2012-04-29 20:14:48","","","<a href=""http://twitter.com/download/android"" rel=""nofollow"">Twitter for Android</a>"
"196648840311480000","Buy _@username latest RnB single ""Sweet Love"" for $1.29 on iTunes here - _@URL - #FORTUNE","breezylove_xo","2012-04-29 20:14:48","","","<a href=""http://twitter.com/download/android"" rel=""nofollow"">Twitter for Android</a>"
"196648841200670000","Every time I write ""love"" it always comes out ""live""...damn you apple autocorrect!!","Young_TrinityHo","2012-04-29 20:14:48","","","web"
"196648843637560000","Apple crumble and caramel ice cream #mmm _@URL","Jeshartley","2012-04-29 20:14:49","","","<a href=""http://twitter.com/#!/download/iphone"" rel=""nofollow"">Twitter for iPhone</a>"
"196648847185950000","RT _@username Last push we're almost there!! Here's the link: _@URL #young4number1 RT!!! #FAZERARMY","Haydenn01","2012-04-29 20:14:49","","","<a href=""http://blackberry.com/twitter"" rel=""nofollow"">Twitter for BlackBerry®</a>"
"196648847978660000","Only 1 green apple for the whole day, that was a very bad idea #insanity","3awfy","2012-04-29 20:14:50","","","<a href=""http://blackberry.com/twitter"" rel=""nofollow"">Twitter for BlackBerry®</a>"
"196648851866780000","_@username for what Jobs did re option backdating. (They probably shouldn't have, but Apple still got off easy.) And now, there'll be (3/4)","jsende","2012-04-29 20:14:51","","laura11D","<a href=""http://www.echofon.com/"" rel=""nofollow"">Echofon</a>"
"196648852621770000","The apple doesn't fall far from the tree..","sherman_36963","2012-04-29 20:14:51","","","<a href=""http://twitter.com/download/android"" rel=""nofollow"">Twitter for Android</a>"
"196648852827290000","AppleのiTunes Store、Q2の売上は19億ドル、アプリ数60万本 _@URL","ArihitoN","2012-04-29 20:14:51","","","<a href=""http://www.flipboard.com"" rel=""nofollow"">Flipboard</a>"
"196648852458190000","RT _@username My girlfriend is the most prettiest girl period .. Idgaf who says differently, she's the ""apple of my eye "" (:","coolkidjoi","2012-04-29 20:14:51","","","<a href=""http://twitter.com/download/android"" rel=""nofollow"">Twitter for Android</a>"
"196648855910100000","Apple pie - les douceurs de la famille Praline : _@URL","lydiou82","2012-04-29 20:14:51","","","<a href=""http://twitter.com/tweetbutton"" rel=""nofollow"">Tweet Button</a>"
"196648856451170000","RT _@username Apple, Oracle y Google superan a Microsoft en cantidad de vulnerabilidades _@URL","Gera141996","2012-04-29 20:14:52","","","<a href=""http://twitter.com/#!/download/iphone"" rel=""nofollow"">Twitter for iPhone</a>"
"196648857923370000","""أبل"" تبيع 268 آيفون و90 آيباد كل دقيقة _@URL #iphone #ipad #apple #bahrain","Isa_Sharida","2012-04-29 20:14:52","Bahrain","","web"
"196648859630440000","RT _@username _@username _@username Amo la sinceridad de Apple Jack por eso digo ella debe ser la gerente de Ventas en el mer ...","Man_zha_na","2012-04-29 20:14:52","","","web"
"196648862386110000","yah sayangnya ak gk pke apple RT _@username _@username kalo kamu pake produk apple sih bisa, cari di app world aja. Hehehe :))","tezydwiseptian","2012-04-29 20:14:53","","","<a href=""http://m.tweete.net"" rel=""nofollow"">m.tweete.net</a>"
"196648873878490000","Watch Free TV Live with #TVCatchup app on your iPhone or iPad _@URL _@URL","matefran89","2012-04-29 20:14:56","","","<a href=""http://www.apple.com"" rel=""nofollow"">iOS</a>"
"196648879142340000","Сооснователь Apple «в шоке» от красот Windows Phone _@URL с помощью _@username","SergeyGalushka","2012-04-29 20:14:57","","","<a href=""http://twitter.com/tweetbutton"" rel=""nofollow"">Tweet Button</a>"
"196648881994470000","stand para ipad en acrilico   _@URL #twitteroax #Apple","acrilico_oax","2012-04-29 20:14:58","","","<a href=""http://www.hootsuite.com"" rel=""nofollow"">HootSuite</a>"
"196648884532020000","Αλλάζει το όνομά του για μία θέση στο συνέδριο της Apple [NEWSBEAST] _@URL","CyNewsOnline","2012-04-29 20:14:58","","","<a href=""http://www.hootsuite.com"" rel=""nofollow"">HootSuite</a>"
"196648885739990000","No swisher well than lets smoke from an apple fuck it lmao","Osca12_Kush","2012-04-29 20:14:59","","","<a href=""http://twitter.com/#!/download/iphone"" rel=""nofollow"">Twitter for iPhone</a>"
"196648886822130000","Αλλάζει το όνομά του για μία θέση στο συνέδριο της Apple [NEWSBEAST] _@URL","Cyprifama","2012-04-29 20:14:59","","","<a href=""http://www.hootsuite.com"" rel=""nofollow"">HootSuite</a>"
"196648895449810000","If you don't like apple pie then we aren't friends","SophieeHowes","2012-04-29 20:15:01","","","<a href=""http://blackberry.com/twitter"" rel=""nofollow"">Twitter for BlackBerry®</a>"
"196648895856660000","apple printer _@URL Acoustic Guitar Money: Hundreds Per Week W/ Acoustic Music! Spurs vs Jazz","Amand_4","2012-04-29 20:15:01","","","<a href=""http://scandalcelebritygossip.info/amazon1"" rel=""nofollow"">amazon1</a>"
"196648897429510000","“@professorgreen: Apple and blackberry crumble. Dreams. _@URL I thought was gona be smashed iPhone and blackberry","Brian_Canavan","2012-04-29 20:15:01","","","<a href=""http://twitter.com/#!/download/iphone"" rel=""nofollow"">Twitter for iPhone</a>"
"196648898993990000","buy #TTYLXOX by _@username _@URL REQUEST IT ON RD! _@URL + CALL HERE: 1(877)870-5678! #BellaTo1Million &lt;3","IMBellarina","2012-04-29 20:15:02","","","web"
"196648899442790000","_@username nem precisava de tudo, só as ações da apple eu ja tava feliz =s","GarnetPraSempre","2012-04-29 20:15:02","","Pedro_Mii","<a href=""http://mobile.twitter.com"" rel=""nofollow"">Mobile Web</a>"
"196648900340360000","iPhone 5 Features: Apple Introduces NFC Patent For iTunes Gift-Giving [PICTURES] - International Business Times _@URL","iphoneipadalert","2012-04-29 20:15:02","","","<a href=""http://twitterfeed.com"" rel=""nofollow"">twitterfeed</a>"
"196648901745450000","Apple considered iPhone with physical keyboard? Wait, what? - CNET _@URL","iphoneipadalert","2012-04-29 20:15:02","","","<a href=""http://twitterfeed.com"" rel=""nofollow"">twitterfeed</a>"
"196648904350120000","Campus Apple ad Austin: i lavori ritardano a causa di un disaccordo _@URL","ispazio","2012-04-29 20:15:03","","","<a href=""http://twitterfeed.com"" rel=""nofollow"">twitterfeed</a>"
"196648905163820000","Ipad Apple 32GB 1st First generation Tablet Wi-Fi + 3G MC496LL:  $299.99 (0 Bids)End Date: Sunday Apr-29-2012 11... _@URL","LauraMirtaz","2012-04-29 20:15:03","","","<a href=""http://twitterfeed.com"" rel=""nofollow"">twitterfeed</a>"
"196648906749260000","“@professorgreen: Apple and blackberry crumble. Dreams. _@URL absolutely stuffed but could still fit that in #jealous","marthadarf","2012-04-29 20:15:04","","","<a href=""http://twitter.com/#!/download/iphone"" rel=""nofollow"">Twitter for iPhone</a>"
"196648906682150000","RT _@username Steve Jobs'ın hayatını ve Apple'ın ilk yıllarını anlatacak filmde Steve Jobs'ı Ashton Kutcher, Steve Wozniak'ı ise Josh ...","zirrorisreal","2012-04-29 20:15:04","","","<a href=""http://mobile.twitter.com"" rel=""nofollow"">Mobile Web</a>"
"196648909442000000","Apple squared, (four)squared - GigaOM _@URL #apple","applenws","2012-04-29 20:15:04","","","<a href=""http://twitterfeed.com"" rel=""nofollow"">twitterfeed</a>"
"196648910549300000","iPhone 5 Features: Apple Introduces NFC Patent For iTunes Gift-Giving [PICTURES] - International Business Times _@URL #apple","applenws","2012-04-29 20:15:04","","","<a href=""http://twitterfeed.com"" rel=""nofollow"">twitterfeed</a>"
"196648911706930000","Apple considered iPhone with physical keyboard? Wait, what? - CNET _@URL #apple","applenws","2012-04-29 20:15:05","","","<a href=""http://twitterfeed.com"" rel=""nofollow"">twitterfeed</a>"
"196648911761450000","Smart post. Apple should buy square and Foursquare. _@URL _@username","mcarney7","2012-04-29 20:15:05","","","<a href=""http://twitter.com/#!/download/iphone"" rel=""nofollow"">Twitter for iPhone</a>"
"196648918380070000","... _@URL","elnalrxmerriwea","2012-04-29 20:15:06","","","<a href=""http://www.ajaymatharu.com/"" rel=""nofollow"">Tweet Old Post</a>"
"196648918887560000","Class of 2016 + shuld not be on twitterr . Go eat some animal crackers, drink some Apple juice, &amp; go take a nap. Curfew having asses lmfao","LiyahhFLove","2012-04-29 20:15:06","","","<a href=""http://twitter.com/download/android"" rel=""nofollow"">Twitter for Android</a>"
"196648923094450000","【 無念！ 】
のぞきプレイに失敗した。
即ち、それは無能を意味する。
されど、あきらめない。
それがのぞきプレイ道。
 #nozokiPlaySennin #iphoneGAME
無料
 _@URL","_4324610365072","2012-04-29 20:15:07","","","<a href=""http://itunes.apple.com/us/app/nozoki-nozokipurei-xian-renheno/id498979408?mt=8&uo=4"" rel=""nofollow"">Nozoki  ~ のぞきプレイ仙人への道 ~ on iOS</a>"
"196648925627810000","I just want unlimited access to apple juice","_Knobhead","2012-04-29 20:15:08","","","<a href=""http://blackberry.com/twitter"" rel=""nofollow"">Twitter for BlackBerry®</a>"
"196648927158750000","An #apple a day keeps #android away","TilalAbubakr","2012-04-29 20:15:09","","","<a href=""http://twitter.com/#!/download/iphone"" rel=""nofollow"">Twitter for iPhone</a>"
"196648926789650000","RT _@username Apple, champion de l'optimisation fiscale | _@username _@URL","ClaudeSlama","2012-04-29 20:15:09","","","<a href=""http://twitter.com/#!/download/iphone"" rel=""nofollow"">Twitter for iPhone</a>"
"196648929000050000","#Windows, ¿alternativa al duopolio de #Android y #Apple? - #Smartphones - #Tecnología - _@URL","miguelangel_g15","2012-04-29 20:15:09","Torrejón de Ardoz","","<a href=""http://www.tweetcaster.com"" rel=""nofollow"">TweetCaster for Android</a>"
"196648929906000000","your cat loves me too much to piss in my food, but remember the pink cup you were drinking out of? it wasn't apple juice!","jessiedotcom","2012-04-29 20:15:09","","","web"
"196648933345340000","_@username gracias a vosotros por vuestro empeño en mantenernos informados puntualmente de lo todo lo relacionado con el mundo Apple","ente_pernicioso","2012-04-29 20:15:10","","macapuntes","<a href=""http://twitter.com/#!/download/iphone"" rel=""nofollow"">Twitter for iPhone</a>"
"196648932347100000","#ListenToThis EMOTIONS by Iyadonna prod. by _@username _@URL _@URL","IYADONNA","2012-04-29 20:15:10","","","<a href=""http://twitter.com/#!/download/iphone"" rel=""nofollow"">Twitter for iPhone</a>"
"196648938974090000","_@username '10yrs Grime' _@username 9pm #StayFreshEP _@URL _@username #BigCityRadio 89.1fm 12-2 Big day for #Grime #Winning","midsmusicscene","2012-04-29 20:15:11","","DJTarget","<a href=""http://blackberry.com/twitter"" rel=""nofollow"">Twitter for BlackBerry®</a>"
"196648943541690000","Proximamente tendremos en nuestras tiendas ipods nano,audifonos beats,mac airs a los mejores precios todo para apple y android _@username","bb_home","2012-04-29 20:15:12","","","<a href=""http://twitter.com/#!/download/iphone"" rel=""nofollow"">Twitter for iPhone</a>"
"196648944485400000","ファミコン世代に懐かしのドット絵放置ゲー『モンスターを集めてまいれ！』無料配信中 _@URL","naityofaiya","2012-04-29 20:15:13","","","<a href=""http://itunes.apple.com/jp/app/id491657299?mt=8"" rel=""nofollow"">HUNT THE MONSTERS</a>"
"196648952349720000","#Apple captured 115 US$ Billion sales from  #SriLanka  _@URL #LKA","Saptha","2012-04-29 20:15:14","","","<a href=""http://twitter.com/tweetbutton"" rel=""nofollow"">Tweet Button</a>"
"196648955864550000","RT _@username Según un experto, Apple no podrá superar la muerte de Steve Jobs _@URL #apple #noticias","musiquita","2012-04-29 20:15:15","","","<a href=""http://twitter.com/#!/download/iphone"" rel=""nofollow"">Twitter for iPhone</a>"
"196648956946690000","I'm at Paradise Apple Студия Танца (Moscow) _@URL","TanyshkaYa","2012-04-29 20:15:16","Moscow","","<a href=""http://foursquare.com"" rel=""nofollow"">foursquare</a>"
"196648958930600000","Apple buscando traer EPIX Movie Streaming a Apple TV, televisor
potenciales _@URL","juanmariamanjon","2012-04-29 20:15:16","","","<a href=""http://twitter.com/tweetbutton"" rel=""nofollow"">Tweet Button</a>"
"196648959685570000","RT _@username RT if you or someone you know is running #trolleyrun this rainy morning! Come find us next to #konagrill, giving away A ...","atdiff","2012-04-29 20:15:16","","","<a href=""http://twitter.com/#!/download/iphone"" rel=""nofollow"">Twitter for iPhone</a>"
"196648961648500000","Titles from Springer collection cover wide range of disciplines on Apple&amp;#39;s iBookstore _@URL","jaimedixonvega","2012-04-29 20:15:17","","","web"
"196648966585200000","green apple stuff Be so good","RunnitBoyTONE","2012-04-29 20:15:18","","","<a href=""http://www.tweetdeck.com"" rel=""nofollow"">TweetDeck</a>"
"196648972830520000","At apple bees with my mom, jaz, nd gary","AshelyAlexis","2012-04-29 20:15:19","","","<a href=""http://levelupstudio.com/plume"" rel=""nofollow"">Plume for Android</a>"
"196648974055240000","Lol hae twitter!! Somebody wannet 2 write appeal she wrote apple!!#DeaTH this engrish around us doe!!","YESiambeeville","2012-04-29 20:15:20","","","<a href=""http://blackberry.com/twitter"" rel=""nofollow"">Twitter for BlackBerry®</a>"
"196648978081780000","Please RT this – #Win #Apple #iPad #Giveaway – Enter at _@URL _@username #contest #free","grandicornis","2012-04-29 20:15:21","","","<a href=""http://twitter.com/tweetbutton"" rel=""nofollow"">Tweet Button</a>"
"196648978178250000","This candy apple pop by faygo is the _@URL","Moxie_Love","2012-04-29 20:15:21","","","<a href=""http://twitter.com/#!/download/iphone"" rel=""nofollow"">Twitter for iPhone</a>"
"196648981454000000","If Toyota and Apple paired up they'd have one freakin' awesome car!! #topple  #appoyota","Kaybrowd","2012-04-29 20:15:21","","","<a href=""http://twitter.com/#!/download/iphone"" rel=""nofollow"">Twitter for iPhone</a>"
"196648982896840000","3-pk Apple Jacks Cereal $5.51 + FREE Shipping (only $1.84 each) via Smart Couponing - 3-Pack Apple ... _@URL","ritareviews","2012-04-29 20:15:22","","","<a href=""http://www.feedblitz.com/f/f.fbz?help/default#twitter"" rel=""nofollow"">FeedBlitz</a>"
"196648988504630000","_@username April 29, 2012 at 06:15PM its #competition time to #win the all new #apple #ipad here _@URL #comp","markx1r","2012-04-29 20:15:23","","","<a href=""http://ifttt.com"" rel=""nofollow"">ifttt</a>"
"196648989502870000","_@username I would point to the apple store and say no, that's not true. People will find things if you put it there","manveerheir","2012-04-29 20:15:23","","shadesofsilver","web"
"196648992833160000","RT _@username Pan fried biscuits, homemade apple butter, cheese grits, bacon..  breakfast of champions, in the south :)","Deep_South_Gent","2012-04-29 20:15:24","","","<a href=""http://twitter.com/#!/download/iphone"" rel=""nofollow"">Twitter for iPhone</a>"
"196648993701360000","Eating Grandma's apple pie with cornish ice cream :)","HoneyLuvsLPS","2012-04-29 20:15:24","","","web"
"196648993609100000","Depende enano... usas apple??? yo defiendo a Android por encima de todo... RT _@username ¿ ipad 2 o Samsung Galaxy  ?","Gnoiser","2012-04-29 20:15:24","","","<a href=""http://www.tweetdeck.com"" rel=""nofollow"">TweetDeck</a>"
"196648996222140000","Lol aye I heard det AC took Boo Boo to apple bees and she got her own 2 for 20 lmao!","polo_fatt","2012-04-29 20:15:25","","","<a href=""http://levelupstudio.com/plume"" rel=""nofollow"">Plume for Android</a>"
"196649001674750000","A tall glass of milk and a red sweet apple breakfast of a champion","Mizu_boii","2012-04-29 20:15:26","","","<a href=""http://twitter.com/devices"" rel=""nofollow"">txt</a>"
"196649003495080000","#Nowplaying Sadness - Led Apple","AWESOMEJUNHYUNG","2012-04-29 20:15:27","","","<a href=""http://levelupstudio.com/plume"" rel=""nofollow"">Plume for Android</a>"
"196649003809650000","really r u serious apple sauce in bottles that u hav to sqeeze what happen to spoons and bowl r we really that lazy _@username","Bird_Cecelia","2012-04-29 20:15:27","","","<a href=""http://twitter.com/devices"" rel=""nofollow"">txt</a>"
"196649013540420000","共に戦う仲間募集中ッ！『真・戦国バスター』で天下統一しよう！！(｀･ω･´)b  ユーザーID:533-530-388 _@URL","haya0116","2012-04-29 20:15:29","","","<a href=""http://www.klab.jp/sp/shinsenbus/"" rel=""nofollow"">Shin Sengoku Buster</a>"
"196649014417050000","OEM Apple M2473G/A Also replaces HP 92298A (98A), 92298X (98X) Toner Cartridge for LaserJet 4 4 Plus 4M 4M Plus ... _@URL","Grazynapms","2012-04-29 20:15:29","","","<a href=""http://twitterfeed.com"" rel=""nofollow"">twitterfeed</a>"
"196649014182160000","RT _@username My TL tells me that everyone was tore last night. Preparing for apple blossom","ashhbeamer","2012-04-29 20:15:29","","","<a href=""http://twitter.com/download/android"" rel=""nofollow"">Twitter for Android</a>"
"196649016702940000","iPhone,iPodを持っている人、
拡散性ミリオンアーサーを一緒にプレイしよう！
新規登録時に招待ID 3388cをいれてくれれば、
一緒に遊べてレアカードが貰えるぞ！
http://t.co/uTkTWgFE","kumabati2","2012-04-29 20:15:30","","","<a href=""http://twitter.com/tweetbutton"" rel=""nofollow"">Tweet Button</a>"
"196649023724200000","#セックスピストルズ　Friggin' In the Riggin' _@URL","i_juke","2012-04-29 20:15:31","","","<a href=""http://google.com"" rel=""nofollow"">ijuke</a>"
"196649023980050000","Och man blir inte missnöjd utan tycker att det totalt var värt varenda krona #apple","desertalliance","2012-04-29 20:15:32","","","<a href=""http://itunes.apple.com/us/app/twitter/id409789998?mt=12"" rel=""nofollow"">Twitter for Mac</a>"
"196649024286240000","pussy sweet like apple pie i'll slurp that thing til it's dessert dry","TheyAll_LoveMe2","2012-04-29 20:15:32","","","web"
"196649025607450000","Мне понравилось видео на _@username _@URL DANCING TO MOVES LIKE JAGGER IN THE APPLE STORE!!! - Tiff","YulkaNut","2012-04-29 20:15:32","","","<a href=""http://www.google.com/"" rel=""nofollow"">Google</a>"
"196649028933530000","Apple considered iPhone with physical keyboard? Wait, what?: According to former Apple engineer Tony Fadell, one... _@URL","Nirfanto","2012-04-29 20:15:33","","","<a href=""http://twitterfeed.com"" rel=""nofollow"">twitterfeed</a>"
"196649029059360000","RT _@username Apple is racist. Why does the white iPhone cost more than the Black iPhone? But then again the black iPhone runs fast ...","brunodrums85","2012-04-29 20:15:33","","","<a href=""http://twitter.com/#!/download/ipad"" rel=""nofollow"">Twitter for iPad</a>"
"196649030376370000","Apple considered iPhone with physical keyboard? Wait, what?: According to former Apple engineer Tony Fadell, one... _@URL","Relexridwan","2012-04-29 20:15:33","","","<a href=""http://twitterfeed.com"" rel=""nofollow"">twitterfeed</a>"
"196649030502190000","The iPhone is still his first love, but Android can't compare to WP: Wozniak (http://t.co/AZJzxp0b) _@URL #apple","AppleLatest","2012-04-29 20:15:33","","","<a href=""http://twitterfeed.com"" rel=""nofollow"">twitterfeed</a>"
"196649029843690000","_@username looool they aint got apple either","MoSoluade","2012-04-29 20:15:33","","deewayne11","<a href=""http://twitter.com/#!/download/iphone"" rel=""nofollow"">Twitter for iPhone</a>"
"196649032075060000","Apple considered iPhone with physical keyboard? Wait, what?: According to former Apple engineer Tony Fadell, one... _@URL","BeritaLengkap","2012-04-29 20:15:34","","","<a href=""http://twitterfeed.com"" rel=""nofollow"">twitterfeed</a>"
"196649037108220000","#Mobile Apple considered iPhone with physical keyboard? Wait, what? - CNET: Apple considered iPhone with physica... _@URL","BigNewsStory","2012-04-29 20:15:35","","","<a href=""http://twitterfeed.com"" rel=""nofollow"">twitterfeed</a>"
"196649038668510000","iPhone,iPodを持っている人、
拡散性ミリオンアーサーを一緒にプレイしよう！
新規登録時に招待ID 5a386をいれてくれれば、
一緒に遊べてレアカードが貰えるぞ！
http://t.co/nKLdytUG","hidenori0903","2012-04-29 20:15:35","","","<a href=""http://twitter.com/tweetbutton"" rel=""nofollow"">Tweet Button</a>"
"196649038702070000","Apple considered iPhone with physical keyboard? Wait, what?: According to former Apple engineer Tony Fadell, one... _@URL","Reza_arrafi","2012-04-29 20:15:35","","","<a href=""http://twitterfeed.com"" rel=""nofollow"">twitterfeed</a>"
"196649038626560000","_@URL Apple's strategy to avoid taxes","Kunalkagrawal","2012-04-29 20:15:35","","","web"
"196649039301850000","Apple considered iPhone with physical keyboard? Wait, what? _@URL","AakarTech","2012-04-29 20:15:35","","","<a href=""http://twitterfeed.com"" rel=""nofollow"">twitterfeed</a>"
"196649040035860000","Apple co-founder Wozniak sings Windows Phone's praises _@URL","NelsonITService","2012-04-29 20:15:35","","","<a href=""http://itunes.apple.com/us/app//id438922464?mt=8&uo=4"" rel=""nofollow"">APPY Geek – tech news on iOS</a>"
"196649040149090000","Apple considered iPhone with physical keyboard? Wait, what?: According to former Apple engineer ... _@URL #teamfollowback","Ekaq_InfinitySq","2012-04-29 20:15:35","","","<a href=""http://twitterfeed.com"" rel=""nofollow"">twitterfeed</a>"
"196649040753080000","Apple considered iPhone with physical keyboard? Wait, what?: According to former Apple engineer Tony Fadell, one... _@URL","godaddyisgreat","2012-04-29 20:15:35","","","<a href=""http://twitterfeed.com"" rel=""nofollow"">twitterfeed</a>"
"196649041415770000","Apple considered iPhone with physical keyboard? Wait, what?: According to former Apple engineer Tony Fadell, one... _@URL","adf24t4t4","2012-04-29 20:15:36","","","<a href=""http://twitterfeed.com"" rel=""nofollow"">twitterfeed</a>"
"196649041965240000","Apple considered iPhone with physical keyboard? Wait, what?: According to former Apple engineer Tony Fadell, one... _@URL","kdjf0249d","2012-04-29 20:15:36","","","<a href=""http://twitterfeed.com"" rel=""nofollow"">twitterfeed</a>"
"196649042896360000","Apple considered iPhone with physical keyboard? Wait, what?: According to former Apple engineer Tony Fadell, one... _@URL","jdf42jf904","2012-04-29 20:15:36","","","<a href=""http://twitterfeed.com"" rel=""nofollow"">twitterfeed</a>"
"196649043722640000","Apple considered iPhone with physical keyboard? Wait, what?: According to former Apple engineer Tony Fadell, one... _@URL","gjsgo0924uj","2012-04-29 20:15:36","","","<a href=""http://twitterfeed.com"" rel=""nofollow"">twitterfeed</a>"
"196649044465040000","Apple considered iPhone with physical keyboard? Wait, what?: According to former Apple engineer Tony Fadell, one... _@URL","40jf09jfa","2012-04-29 20:15:37","","","<a href=""http://twitterfeed.com"" rel=""nofollow"">twitterfeed</a>"
"196649045383580000","Apple considered iPhone with physical keyboard? Wait, what?: According to former Apple engineer Tony Fadell, one... _@URL","049jgiosgjgi","2012-04-29 20:15:37","","","<a href=""http://twitterfeed.com"" rel=""nofollow"">twitterfeed</a>"
"196649054069990000","iPhone 4 snap on shell holster Combo Case: Looking for that all-in-one carrying solution for your Apple iPhone 4... _@URL","proclifdio588","2012-04-29 20:15:50","","","<a href=""http://twitterfeed.com"" rel=""nofollow"">twitterfeed</a>"
"196649053633780000","How Apple Sidesteps Billions in Taxes _@URL I can't tell you how much this makes me want to spit. Big business sucks.","appfoto","2012-04-29 20:15:50","","","<a href=""http://twitter.com/tweetbutton"" rel=""nofollow"">Tweet Button</a>"
"196649053889630000","RT _@username #StayFreshTheEP _@URL and Kozzie's #YEAHH _@URL out now","DespaStayFresh","2012-04-29 20:15:50","","","<a href=""http://twitter.com/#!/download/iphone"" rel=""nofollow"">Twitter for iPhone</a>"
"196649057115050000","Looks like I'll be making a trip to the Apple store today. Like within the next hour actually. 
-________-","MyLuxyLife","2012-04-29 20:15:50","","","<a href=""http://twitter.com/#!/download/iphone"" rel=""nofollow"">Twitter for iPhone</a>"
"196649057844870000","#Apple’s #Tax Guys Are Better Than Yours _@URL via _@username","yourCTO","2012-04-29 20:15:53","","","<a href=""http://twitter.com/tweetbutton"" rel=""nofollow"">Tweet Button</a>"
"196649061263210000","#Tech Apple omits Android searches from Chomp app _@URL #Onlireeks","OnlireeksTech","2012-04-29 20:15:53","","","<a href=""http://dlvr.it"" rel=""nofollow"">dlvr.it</a>"
"196649054871100000","This is the only thing I have to drink for the next 5 hours. A gallon of apple juice, straight from the bottle. _@URL","GongshowGrant","2012-04-29 20:15:53","","","<a href=""http://www.apple.com"" rel=""nofollow"">Camera on iOS</a>"
"196649067810540000","Metallic Pink Protective Rubberized Crystal Hard Snap-on Case and Black Silicone Gel Skin for Apple iPod Touch 4... _@URL","Alonaozi","2012-04-29 20:15:54","","","<a href=""http://twitterfeed.com"" rel=""nofollow"">twitterfeed</a>"
"196649069433720000","Apple mother fucking Blossom #sopumped","Adam_Nordling","2012-04-29 20:15:54","","","<a href=""http://twitter.com/#!/download/iphone"" rel=""nofollow"">Twitter for iPhone</a>"
"196649069983180000","When she pulled out that moonshineeee, tasting like an apple pieeee","connor_gunter","2012-04-29 20:15:54","","","<a href=""http://twitter.com/#!/download/iphone"" rel=""nofollow"">Twitter for iPhone</a>"
"196649069953820000","RT _@username Apple considered iPhone with physical keyboard? Wait, what? - CNET _@URL #apple","theapplenerdy","2012-04-29 20:15:54","","","<a href=""http://twitter.com/download/android"" rel=""nofollow"">Twitter for Android</a>"
"196649070134180000","RT _@username she said she gave me sour apple Vodka, that shit was sour forreal.","AiirJordan7","2012-04-29 20:15:54","","","<a href=""http://twitter.com/download/android"" rel=""nofollow"">Twitter for Android</a>"
"196649072164210000","""that moment of grief when you're having a long poo and your apple crumble gets burnt!"" omg touche #gutted...","DannyMYB","2012-04-29 20:15:54","","","<a href=""http://blackberry.com/twitter"" rel=""nofollow"">Twitter for BlackBerry®</a>"
"196649072722060000","bajate esto en el ipad bebe! _@username _@URL","Vivihernandezm1","2012-04-29 20:15:54","","","web"
"196649074244600000","Apple &amp; yoghurt for midnight snack. #BalikAlindogPrograma #pampasikip lol","PoserPrincess","2012-04-29 20:15:54","","","<a href=""http://ubersocial.com"" rel=""nofollow"">UberSocial for BlackBerry</a>"
"196649074504640000","_@username _@username not the real one .. It's a shop for apple products w keda","MaiOsman","2012-04-29 20:15:54","","MennaGamal","<a href=""http://twitter.com/#!/download/iphone"" rel=""nofollow"">Twitter for iPhone</a>"
"196649076928940000","how the hellllll did _@username get the apple logo on the back of the iPhone to light up","Steffers_xx","2012-04-29 20:15:54","","","<a href=""http://www.echofon.com/"" rel=""nofollow"">Echofon</a>"
"196649080590580000","To my friends, I'm like the guy that works for Apple and tires to fix there iPods/iPads or Computers","RastaMouseMatt","2012-04-29 20:15:54","","","web"
"196649081295220000","RT _@username iPhone 5 Features: Apple Introduces NFC Patent For iTunes Gift-Giving [PICTURES] - International Business Times _@URL ...","theapplenerdy","2012-04-29 20:15:54","","","<a href=""http://twitter.com/download/android"" rel=""nofollow"">Twitter for Android</a>"
"196649081903380000","今ヒマ!?待つだけで大冒険を楽しめる『モンスターを集めてまいれ!2』無料配信中 _@URL #monnatsu2","osakaiemon","2012-04-29 20:15:54","","","<a href=""http://itunes.apple.com/us/app/hunt-the-monsters!-2/id501289786?mt=8&uo=4"" rel=""nofollow"">HUNT THE MONSTERS! 2 on iOS</a>"
"196649081924370000","The POS is wherever you are. Not sure I want Apple to owne this but this post raises the ? Apple squared, (four)squared _@URL","awaldstein","2012-04-29 20:15:54","","","<a href=""http://twitter.com/tweetbutton"" rel=""nofollow"">Tweet Button</a>"
"196649080817070000","RT _@username Apple squared, (four)squared - GigaOM _@URL #apple","theapplenerdy","2012-04-29 20:15:54","","","<a href=""http://twitter.com/download/android"" rel=""nofollow"">Twitter for Android</a>"
"196649086164800000","Las vías de Apple para evadir impuestos...y seguro de muschas empresas más.
http://t.co/TuVoSNRD","perezarbesu","2012-04-29 20:15:54","","","<a href=""http://www.tweetdeck.com"" rel=""nofollow"">TweetDeck</a>"
"196649086118660000","I'm a apple","ViniciusaplleD","2012-04-29 20:15:54","","","web"
"196649087523760000","命令して、待つだけの、ワンタップRPG『モンスターを集めてまいれ！2』無料配信中 _@URL #monnatsu2","whIrlpool_key","2012-04-29 20:15:54","","","<a href=""http://itunes.apple.com/us/app/hunt-the-monsters!-2/id501289786?mt=8&uo=4"" rel=""nofollow"">HUNT THE MONSTERS! 2 on iOS</a>"
"196649087863490000","I'm finna eat sum Big apple","Iam_Bigayee","2012-04-29 20:15:54","","","<a href=""http://mobile.twitter.com"" rel=""nofollow"">Mobile Web</a>"
"196649091558680000","#Apple saves #billions in #taxes through very #creative #accounting, says NYT _@URL","sulemanijaz","2012-04-29 20:15:55","","","<a href=""http://itunes.apple.com/us/app/zite-personalized-magazine/id419752338?mt=8&uo=4"" rel=""nofollow"">Zite Personalized Magazine</a>"
"196649093454500000","BodyGuardz UltraTough Clear Skins Full Body for Apple MacBook Air 11-Inch - Wet Apply (NL-BM1C-1010): BodyGuardz... _@URL","pavenblad","2012-04-29 20:15:55","","","<a href=""http://twitterfeed.com"" rel=""nofollow"">twitterfeed</a>"
"196649093349640000","The POS is wherever you are. Not sure I want Apple to owne this but this post raises the ? Apple squared, (four)squared _@URL","awaldstein","2012-04-29 20:15:55","","","<a href=""http://www.visibli.com"" rel=""nofollow"">Visibli</a>"
"196649094175920000","About to make an Apple milk shake :))","eddiiegomezz_","2012-04-29 20:15:55","","","<a href=""http://mobile.twitter.com"" rel=""nofollow"">Mobile Web</a>"
"196649095006390000","Video: This is one of the best presentations from Guy Kawasaki, ex-Apple employee and a brilliant marketer.... _@URL","geekyumang","2012-04-29 20:15:55","","","<a href=""http://www.tumblr.com/"" rel=""nofollow"">Tumblr</a>"
"196649095719440000","_@username Thanks for following me! Pls check out my books Amazon &amp; Apple search David Schajer. I hope to come to UK and see Volpone!","ShakspereSolved","2012-04-29 20:15:55","","FireUnderTheHor","<a href=""http://twitter.com/#!/download/iphone"" rel=""nofollow"">Twitter for iPhone</a>"
"196649095723620000","RT _@username REQUEST #BUBBLEGUMBOY, #WATCHME &amp; my fave hit #TTYLXOX by _@username _@URL &amp; BUY ALL SONGS ON  ...","Naomi98_","2012-04-29 20:15:55","","","web"
"196649096642170000","Sneaky Tax Tactics Save Apple Billions of Dollars [Apple]: Source: _@URL - Sunday, April 29, 2012 ... _@URL","nEuTRokID","2012-04-29 20:15:55","","","<a href=""http://twitterfeed.com"" rel=""nofollow"">twitterfeed</a>"
"196649098038890000","#newbedon 4/29/2012 9:16:12 PM Apple: Will iPhone 5 Be The Biggest Launch Yet? _@URL","rabi12145704","2012-04-29 20:15:55","","","<a href=""http://www.MyNewKickAssApp1.com"" rel=""nofollow"">MyNewKickAssApp1</a>"
"196649098072420000","Very interesting read, this could form an unstoppable combination Apple squared, (four)squared — Tech News and Analysis _@URL","bsabrin","2012-04-29 20:15:55","","","<a href=""http://bit.ly"" rel=""nofollow"">bitly</a>"
"196649099292970000","you aint shit lmfao RT _@username Lol aye I heard det AC took Boo Boo to apple bees and she got her own 2 for 20 lmao!","Hi_ImAsianese","2012-04-29 20:15:55","","","<a href=""http://www.osfoora.com"" rel=""nofollow"">Osfoora for iPhone</a>"
"196649099741770000","#Clasificados FOR SALE UNLOCKED: Apple iPhone 4S 32GB (WiFi)-Apple iPad 2 64GB-BLACKBERRY TORC... _@URL #Anuncios #Mexico","AnunicoMEX","2012-04-29 20:15:55","","","<a href=""http://twitterfeed.com"" rel=""nofollow"">twitterfeed</a>"
"196649101482400000","Apple tackles Flashback malware threat _@URL","cindytorrvie","2012-04-29 20:15:55","","","web"
"196649099641090000","Apple QuickTake 200 camera
http://t.co/drCLzXCv _@URL","bibiluu","2012-04-29 20:15:55","","","<a href=""http://twitter.com/#!/download/iphone"" rel=""nofollow"">Twitter for iPhone</a>"
"196649106746250000","#OnSale #Apple iPhone 4S 16GB WHITE Factory Unlocked GSM OEM N... _@URL","Harmonyvb07968","2012-04-29 20:15:55","","","<a href=""http://www.facebook.com/twitter"" rel=""nofollow"">Facebook</a>"
"196649112286940000","“@BlackieeChann: If I'm grounded over Apple Blossom, I'm literally going to cry... then sneak out.” those are fighting words #ReallyTho","PrettyFlaco69","2012-04-29 20:15:55","","","<a href=""http://twitter.com/#!/download/iphone"" rel=""nofollow"">Twitter for iPhone</a>"
"196649112978990000","Turns out my logic board is bad but they're still replacing the battery for free too. Yep. Apple rules. #fb","JB_Bryant","2012-04-29 20:15:56","","","<a href=""http://tapbots.com/tweetbot"" rel=""nofollow"">Tweetbot for iOS</a>"
"196649114023380000","RT _@username [Amazing] Apple Considered Physical Keyboard For The iPhone
http://t.co/CcabtBxp","TaoBoss","2012-04-29 20:15:56","","","<a href=""http://www.apple.com"" rel=""nofollow"">iOS</a>"
"196649114979680000","RT _@username I Miss Uu#Apple .Everything So Diffrent Now ","KnooDisDick","2012-04-29 20:15:56","","","<a href=""http://levelupstudio.com/plume"" rel=""nofollow"">Plume for Android</a>"
"196649117328490000","_@username backlash against previous whitewashes. Nothing in NYT piece seemed arguably ""shady"" or borderline, but now Apple will be EvilCorp.","jsende","2012-04-29 20:15:56","","laura11D","<a href=""http://www.echofon.com/"" rel=""nofollow"">Echofon</a>"
"196649120277080000","Enamorado de la Apple de las Macbook de la familia Adobe de las noches de edicion de las redes sociales del talento y de ustedes...","Ahyron","2012-04-29 20:15:56","","","<a href=""http://ubersocial.com"" rel=""nofollow"">UberSocial for BlackBerry</a>"
"196649120197380000","Steves homemade apple crumble, yum! _@username _@username _@URL","Flaurp","2012-04-29 20:15:56","City of Kingston-upon-Hull","","<a href=""http://twitter.com/#!/download/iphone"" rel=""nofollow"">Twitter for iPhone</a>"
"196649127688410000","Is ""apple bottom jeans boots with the fur"" really on on the sushi place right now ","ALX_usss","2012-04-29 20:15:56","","","<a href=""http://twitter.com/#!/download/iphone"" rel=""nofollow"">Twitter for iPhone</a>"
"196649129043170000","New _@username Show feat _@username &amp; _@username (w/guests _@username &amp; _@username on iTunes _@URL - SUBSCRIBE! - #NEWMANATI","Combat_Jack","2012-04-29 20:15:57","","","<a href=""http://ubersocial.com"" rel=""nofollow"">UberSocial for BlackBerry</a>"
"196649129299030000","_@username Big Apple kkkkkkkk","Souza_bira","2012-04-29 20:15:57","","baarbaraloppes_","web"
"196649132482510000","_@username I would point back to the Apple store and point out that people only find things up there if Apple features them.","shadesofsilver","2012-04-29 20:15:57","","manveerheir","<a href=""http://www.tweetdeck.com"" rel=""nofollow"">TweetDeck</a>"
"196649135586280000","apple crumble i love you xxxxxxxxxx","georgiaturner_x","2012-04-29 20:15:58","","","<a href=""http://twitter.com/#!/download/iphone"" rel=""nofollow"">Twitter for iPhone</a>"
"196649131404560000","Candy apple red... _@URL","LifeWith_Yarie","2012-04-29 20:15:58","","","<a href=""http://www.apple.com"" rel=""nofollow"">Photos on iOS</a>"
"196649138123850000","_@username ja ich meine über apple upgraden und ram wer kauft das bei apple ne ......nur dumme","TechnikApp","2012-04-29 20:16:06","","FerienChecker","<a href=""http://twitter.com/#!/download/ipad"" rel=""nofollow"">Twitter for iPad</a>"
"196649139247920000","IamFazer: Last push we're almost there!! Here's the link: _@URL #young4number1 RT!!! #FAZERARMY _@URL #GnG","glamourandgrime","2012-04-29 20:16:06","","","<a href=""http://twitterfeed.com"" rel=""nofollow"">twitterfeed</a>"
"196649141093410000","DIJUAL apple 3Gs 32 GB belum polyponik 3,5","paldyhika","2012-04-29 20:16:06","","","<a href=""http://ubersocial.com"" rel=""nofollow"">UberSocial for BlackBerry</a>"
"196649138572630000","はじめてのチュウをプレー！ Score:631 AR:91.0 #rb_plus _@URL 얏따! 는 게임이 유저을 엿먹이는데 성공했다믄 기쁨의 표현인가 _@URL","Kidou_S","2012-04-29 20:16:06","","","<a href=""http://www.apple.com"" rel=""nofollow"">iOS</a>"
"196649141626090000","RT _@username Check out _@username their single #DropDeadGorgeous! OUT 2DAY!
http://t.co/EBnuNoAT
Marv x","jessica_loveJLS","2012-04-29 20:16:06","","","<a href=""http://twitter.com/#!/download/iphone"" rel=""nofollow"">Twitter for iPhone</a>"
"196649142003570000","I want a caramel apple empanada from Taco Bell .","_JBilllionz","2012-04-29 20:16:06","","","<a href=""http://mobile.twitter.com"" rel=""nofollow"">Mobile Web</a>"
"196649146315310000","i need to go to the apple store","Young_Simba7","2012-04-29 20:16:06","","","web"
"196649146395020000","RT _@username Check out _@username their single #DropDeadGorgeous! OUT 2DAY!
http://t.co/EBnuNoAT
Marv x","HanMarvelleJLS","2012-04-29 20:16:06","","","<a href=""http://twitter.com/#!/download/iphone"" rel=""nofollow"">Twitter for iPhone</a>"
"196649147875600000","_@username _@username is blogging about #ThisWeek Paul, please comment about NYT Apple tax avoidance article","tjmazurek","2012-04-29 20:16:06","","ThisWeekABC","<a href=""http://blackberry.com/twitter"" rel=""nofollow"">Twitter for BlackBerry®</a>"
"196649149721090000","BodyGuardz NL-BM3W-0609 UltraTough Clear Skins for Apple MacBook Pro 13-Inch Unibody - Wrist Rest and Trackpad -... _@URL","pitjon788","2012-04-29 20:16:07","","","<a href=""http://twitterfeed.com"" rel=""nofollow"">twitterfeed</a>"
"196649151000350000","One bad apple can't spoil the bunch, it just depends on what the bunch does to that one bad apple.","InJapaan","2012-04-29 20:16:07","Fort Lauderdale","","<a href=""http://twitter.com/download/android"" rel=""nofollow"">Twitter for Android</a>"
"196649155270150000","BodyGuardz NL-BM1W-1010 UltraTough Clear Skins for Apple MacBook Air 11-Inch - Wrist Rest and Trackpad - Wet App... _@URL","pitjon788","2012-04-29 20:16:07","","","<a href=""http://twitterfeed.com"" rel=""nofollow"">twitterfeed</a>"
"196649156033520000","BodyGuardz NL-BM3T-0609 UltraTough Clear Skins for Apple MacBook Pro 13-Inch Unibody - Top Only - Wet Apply: Bod... _@URL","obiwavkezobi","2012-04-29 20:16:07","","","<a href=""http://twitterfeed.com"" rel=""nofollow"">twitterfeed</a>"
"196649156629110000","Photo: _@username I am eating my apple sauce  (Taken with Instagram at Emma style) _@URL","xicelia","2012-04-29 20:16:07","","","<a href=""http://www.tumblr.com/"" rel=""nofollow"">Tumblr</a>"
"196649156876580000","RT _@username Kind of amazed to find that Apple still has the OS 9 software update service still running.","kylepauley","2012-04-29 20:16:07","","","<a href=""http://tapbots.com/tweetbot"" rel=""nofollow"">Tweetbot for iOS</a>"
"196649159162470000","_ Apple iMac MC812LL/A 21.5-Inch Desktop (NEWEST VERSION):  _@URL","ShemekaHaig4vp_","2012-04-29 20:16:07","","","<a href=""http://twitterfeed.com"" rel=""nofollow"">twitterfeed</a>"
"196649160060040000",") Apple iMac MC309LL/A 21.5-Inch Desktop (NEWEST VERSION):  _@URL","ShemekaHaig4vp_","2012-04-29 20:16:07","","","<a href=""http://twitterfeed.com"" rel=""nofollow"">twitterfeed</a>"
"196649162027170000","RT _@username Retweet als jij iets hebt van Blackberry of Apple. #iTS","sterrevandelaak","2012-04-29 20:16:07","","","<a href=""http://twitter.com/#!/download/iphone"" rel=""nofollow"">Twitter for iPhone</a>"
"196649161649690000","RT _@username Don't tell Apple...Using WordPress and Flash Together | _@username _@URL","Techgeekandmore","2012-04-29 20:16:07","","","<a href=""http://www.tweetdeck.com"" rel=""nofollow"">TweetDeck</a>"
"196649163990110000","Our Flavors Today Are: Lemon, Cherry, Pineapple, Mango, Watermelon, Green Apple, and Sugar Free Cherry","DatisIce","2012-04-29 20:16:07","","","<a href=""http://www.facebook.com/twitter"" rel=""nofollow"">Facebook</a>"
"196649167030980000","_@username here's the link to buy Young RT or tweet it x _@URL","AislingNDubz","2012-04-29 20:16:07","","officialtulisa","web"
"196649170998790000","RT _@username Apple was a pioneer of an accounting technique known as the “Double Irish With a Dutch Sandwich,”","redtsar","2012-04-29 20:16:08","","","<a href=""http://www.differenttack.com"" rel=""nofollow"">Different Tack</a>"
"196649172278070000","iPhone 5 vs. Galaxy S3, Samsung Threatens Apple's Reign - Mainpage: _@URL","mob4hire","2012-04-29 20:16:08","","","<a href=""http://twitter.com/tweetbutton"" rel=""nofollow"">Tweet Button</a>"
"196649173989340000","I need some apple juice asap.","ShotsFor_J","2012-04-29 20:16:08","","","<a href=""http://mobile.twitter.com"" rel=""nofollow"">Mobile Web</a>"
"196649175616720000","RT _@username Oh, you're having a bad day? In 1976, Ronald Wayne sold his 10% stake in Apple for $800. Now it's worth $58,065,210 ...","gbone1981","2012-04-29 20:16:08","","","<a href=""http://twitter.com/download/android"" rel=""nofollow"">Twitter for Android</a>"
